{"stats":{"minecraft:picked_up":{"minecraft:crafting_table":1,"minecraft:feather":2,"minecraft:cooked_beef":445,"minecraft:chicken":2,"minecraft:anvil":2,"minecraft:end_portal_frame":9,"minecraft:oak_log":223,"minecraft:gunpowder":104,"minecraft:dirt":673,"minecraft:snow":21,"minecraft:armor_stand":2,"minecraft:iron_ingot":49,"minecraft:stone_pickaxe":4,"minecraft:iron_ore":26,"minecraft:cobblestone_slab":1,"minecraft:netherite_axe":9,"minecraft:iron_pickaxe":2,"minecraft:rabbit":1,"minecraft:powered_rail":4,"minecraft:chest":64,"minecraft:stick":2,"minecraft:torch":10,"minecraft:acacia_log":2,"minecraft:snow_block":2,"minecraft:netherite_shovel":8,"minecraft:grass_block":2,"minecraft:gold_ore":13,"minecraft:netherite_pickaxe":7,"minecraft:pumpkin_seeds":4,"minecraft:polished_andesite":2,"minecraft:stone_shovel":7,"minecraft:rotten_flesh":21,"minecraft:diamond":14,"minecraft:stone_axe":6,"minecraft:iron_block":7,"minecraft:gold_ingot":82,"minecraft:bread":7,"minecraft:oak_sapling":9,"minecraft:melon_seeds":6,"minecraft:netherite_hoe":3,"minecraft:cod":2,"minecraft:coal":78,"minecraft:rail":72,"minecraft:cobblestone":984},"minecraft:crafted":{"minecraft:oak_planks":16,"minecraft:cobblestone_slab":18,"minecraft:crafting_table":2,"minecraft:iron_sword":1,"minecraft:diamond_pickaxe":1,"minecraft:stick":8,"minecraft:iron_ingot":27,"minecraft:iron_pickaxe":1},"minecraft:mined":{"minecraft:diamond_ore":13,"minecraft:acacia_log":1,"minecraft:grass_block":773,"minecraft:chest":69,"minecraft:cobblestone":14,"minecraft:iron_ore":29,"minecraft:coal_ore":63,"minecraft:oak_log":186,"minecraft:mycelium":28,"minecraft:cobblestone_slab":2,"minecraft:dirt":21,"minecraft:stone":734,"minecraft:iron_block":9,"minecraft:gold_ore":21},"minecraft:custom":{"minecraft:interact_with_anvil":1,"minecraft:mob_kills":55,"minecraft:interact_with_crafting_table":5,"minecraft:play_one_minute":216739,"minecraft:leave_game":1,"minecraft:time_since_death":1074,"minecraft:time_since_rest":1075,"minecraft:sprint_one_cm":56808,"minecraft:damage_taken":21573,"minecraft:walk_one_cm":175238,"minecraft:drop":315,"minecraft:damage_dealt":5612,"minecraft:fly_one_cm":1441844,"minecraft:open_chest":75,"minecraft:crouch_one_cm":95338,"minecraft:deaths":90,"minecraft:sneak_time":27189,"minecraft:jump":188,"minecraft:fall_one_cm":19901},"minecraft:dropped":{"minecraft:stone_axe":1,"minecraft:netherite_axe":1,"minecraft:stone_shovel":1,"minecraft:cod":2,"minecraft:rabbit":1,"minecraft:chest":2,"minecraft:end_portal_frame":308,"minecraft:stone_pickaxe":1},"minecraft:killed_by":{"minecraft:creeper":2,"minecraft:polar_bear":2,"minecraft:zombie":6},"minecraft:broken":{"minecraft:netherite_axe":1},"minecraft:used":{"minecraft:acacia_log":1,"minecraft:armor_stand":22,"minecraft:polished_andesite":15,"minecraft:stone_shovel":327,"minecraft:stone_pickaxe":342,"minecraft:chest":1,"minecraft:stone":5,"minecraft:iron_sword":16,"minecraft:cobblestone_slab":8,"minecraft:diamond_axe":11,"minecraft:dirt":67,"minecraft:anvil":1,"minecraft:crafting_table":1,"minecraft:oak_log":8,"minecraft:diamond_pickaxe":229,"minecraft:netherite_shovel":67,"minecraft:diamond_shovel":170,"minecraft:grass_block":29,"minecraft:iron_pickaxe":20,"minecraft:netherite_axe":212,"minecraft:warped_nylium":3,"minecraft:stone_axe":98,"minecraft:cobblestone":37,"minecraft:bow":80,"minecraft:netherite_pickaxe":649,"minecraft:cooked_beef":1},"minecraft:killed":{"minecraft:rabbit":1,"minecraft:ender_dragon":20,"minecraft:zombie":6,"minecraft:chicken":1}},"DataVersion":2567}