{
    "pools": [
      {
        "rolls": 5,
        "entries": [
          {
            "type": "item",
            "name": "minecraft:iron_ingot",
            "weight": 2,
            "functions": [
              {
                "function": "minecraft:set_count",
                "count": 2
              }
            ]
          },
          {
            "type": "item",
            "name": "minecraft:golden_apple",
            "weight": 0
          },
          {
            "type": "item",
            "name": "minecraft:rail",
            "weight": 3
          },
          {
            "type": "item",
            "name": "minecraft:cooked_beef",
            "weight": 5,
            "functions": [
              {
                "function": "minecraft:set_count",
                "count": 4
              }
            ]
          },
          {
            "type": "item",
            "name": "minecraft:gold_ingot",
            "weight": 2,
            "functions": [
              {
                "function": "minecraft:set_count",
                "count": 2
              }
            ]
          }
        ]
      }
    ]
  }