{
    "pools": [
      {
        "rolls": 5,
        "entries": [
          {
            "type": "minecraft:item",
            "name": "minecraft:diamond",
            "weight": 1
          },
          {
            "type": "minecraft:item",
            "name": "minecraft:oak_sapling",
            "weight": 10
          },
          {
            "type": "minecraft:item",
            "name": "minecraft:snow",
            "weight": 20
          },
          {
            "type": "minecraft:item",
            "name": "minecraft:enchanted_golden_apple",
            "weight": 0
          },
          {
            "type": "minecraft:item",
            "name": "minecraft:snow_block",
            "weight": 6
          }
        ]
      }
    ]
  }